1° coordinate,2° coordinate,clusterId
472.432,133.637,1
392.214,248.151,1
185.232,128.912,0
175.553,234.373,0
199.902,373.492,2
210.318,126.484,0
440.088,119.719,1
427.074,244.697,1
225.533,414.44,2
208.153,128.115,0
384.938,169.023,1
246.796,150.7,0
332.781,402.536,2
193.519,199.926,0
156.796,198.648,0
251.224,360.861,2
195.232,159.659,0
272.652,376.636,2
456.502,103.42,1
226.639,298.359,2
450.049,165.382,1
334.938,336.011,2
274.056,400.682,2
447.961,139.667,1
240.075,397.86,2
428.255,123.461,1
415.104,151.163,1
179.989,150.859,0
395.995,120.205,1
156.888,144.583,0
205.682,200.855,0
351.593,364.709,2
218.51,136.7,0
345.665,357.49,2
165.925,188.625,0
508.732,119.946,1
193.187,215.521,0
269.597,324.5,2
158.716,205.614,0
427.206,79.0129,1
124.362,95.3256,0
347.668,394.634,2
375.983,346.006,2
407.409,254.751,1
171.221,131.723,0
237.428,177.27,0
461.399,201.126,1
127.934,111.687,0
225.262,188.742,0
310.851,354.371,2
210.11,180.555,0
201.549,139.62,0
379.208,148.29,1
222.869,211.797,0
277.582,418.814,2
303.714,341.022,2
459.816,112.856,1
300.378,371.576,2
452.298,105.91,1
491.308,130.014,1
413.832,180.682,1
218.987,124.595,0
151.142,139.582,0
308.363,357.667,2
314.515,314.328,2
195.911,154.242,0
194.103,145.87,0
462.458,136.813,1
255.661,388.587,2
188.352,130.991,0
149.959,206.641,0
183.517,152.362,0
436.474,148.561,1
469.35,192.32,1
169.694,176.807,0
139.4,119.462,0
209.013,343.442,2
208.931,211.459,0
472.037,114.375,1
425.55,166.599,1
302.4,383.49,2
152.42,156.95,0
407.163,211.528,1
170.374,356.233,2
348.909,360.197,2
455.659,195.466,1
205.431,153.354,0
170.524,122.285,0
163.34,116.143,0
274.332,157.853,0
183.252,237.815,0
289.603,396.69,2
446.809,170.108,1
256.394,381.197,2
230.369,200.984,0
218.274,178.833,0
360.882,387.75,2
215.461,149.756,0
448.421,245.732,1
201.291,121.041,0
297.677,365.35,2
498.716,115.969,1
247.665,346.048,2
482.182,153.584,1
461.945,133.168,1
452.465,209.621,1
177.746,130.405,0
485.094,150.838,1
453.172,146.01,1
440.009,194.084,1
394.238,238.362,1
248.267,444.132,2
286.006,364.331,2
312.261,354.686,2
189.851,209.087,0
386.262,216.681,1
215.072,304.082,2
191.528,209.233,0
476.838,123.111,1
243.732,405.835,2
166.516,122.065,0
219.434,201.097,0
340.15,336.749,2
240.93,373.132,2
449.334,123.604,1
472.828,137.763,1
172.919,152.777,0
383.554,362.518,2
461.361,153.712,1
430.754,129.592,1
464.919,141.525,1
300.153,385.743,2
316.979,361.186,2
297.15,314.338,2
133.467,81.9042,0
161.24,229.4,0
425.093,224.976,1
441.024,163.066,1
476.83,123.337,1
369.583,368.03,2
186.342,172.267,0
179.338,193.918,0
444.281,234.152,1
467.753,238.904,1
378.114,254.594,1
240.712,353.628,2
255.861,108.98,0
383.208,122.175,1
176.752,170.186,0
154.305,109.719,0
224.809,192.529,0
240.699,329.779,2
293.906,415.759,2
180.099,236.443,0
460.066,134.03,1
413.007,232.864,1
289.04,397.279,2
492.078,204.875,1
389.058,215.325,1
345.95,356.895,2
170.452,221.659,0
223.053,399.998,2
414.437,227.094,1
186.74,220.285,0
163.916,132.261,0
170.581,188.717,0
264.494,260.645,2
429.592,163.642,1
252.532,401.375,2
211.729,189.467,0
353.03,401.094,2
421.229,150.679,1
170.396,147.177,0
452.33,165.243,1
473.409,134.938,1
159.716,141.615,0
473.801,188.186,1
427.155,158.724,1
149.76,122.684,0
458.105,140.831,1
286.871,349.91,2
302.324,376.581,2
424.119,214.252,1
216.004,224.923,0
399.406,194.97,1
121.526,133.547,0
219.396,368.936,2
343.416,378.816,2
332.859,365.267,2
208.966,384.397,2
153.427,156.817,0
276.036,280.922,2
448.728,153.693,1
433.758,259.608,1
181.263,163.883,0
248.782,354.287,2
138.381,196.02,0
466.464,202.605,1
251.034,398.73,2
209.621,137.259,0
226.683,369.93,2
225.834,395.617,2
219.329,378.326,2
356.706,344.141,2
294.087,350.11,2
166.392,161.008,0
457.346,116.354,1
224.42,204.919,0
302.735,340.36,2
461.234,179.79,1
441.903,168.461,1
183.255,118.773,0
274.585,390.805,2
436.91,147.669,1
226.551,164.673,0
394.903,188.255,1
393.481,233.53,1
140.067,115.797,0
206.051,137.908,0
498.043,136.1,1
431.973,228.648,1
195.054,194.14,0
203.601,173.421,0
280.025,393.406,2
211.683,130.748,0
228.75,167.166,0
448.797,174.645,1
477.112,183.32,1
454.382,196.766,1
205.218,363.247,2
191.119,135.28,0
268.252,352.801,2
377.699,373.78,2
185.195,185.054,0
458.099,117.018,1
401.952,208.886,1
313.559,370.494,2
194.304,213.232,0
299.449,367.799,2
203.238,182.705,0
214.345,165.408,0
369.866,377.697,2
446.158,166.198,1
461.486,223.729,1
466.185,161.294,1
469.902,167.01,1
448.188,122.28,1
450.881,198.695,1
479.338,135.157,1
278.4,361.652,2
180.654,169.308,0
175.969,90.6688,0
161.165,159.158,0
204.532,137.1,0
143.227,144.268,0
326.396,319.36,2
278.068,350.629,2
330.87,375.794,2
194.319,151.141,0
226.33,149.309,0
255.208,367.216,2
412.231,98.2497,1
179.644,201.645,0
385.974,214.253,1
266.86,299.846,2
179.57,187.917,0
214.212,327.359,2
423.829,180.876,1
462.001,213.598,1
271.992,328.538,2
229.031,359.832,2
344.175,349.669,2
221.21,242.752,0
209.878,401.341,2
432.996,101.241,1
292.974,388.949,2
239.35,140.37,0
484.713,94.5069,1
125.844,129.335,0
437.833,146.904,1
463.813,208.632,1
342.574,358.942,2
428.376,184.749,1
277.475,349.244,2
196.621,158.464,0
288.356,407.278,2
141.16,149.811,0
449.67,174.502,1
459.652,148.872,1
458.662,105.252,1
439.363,175.51,1
450.31,115.674,1
219.622,219.594,0
330.121,335.433,2
476.79,132.529,1
414.961,249.271,1
374.453,383.079,2
399.099,228.519,1
210.554,170.814,0
482.729,130.916,1
282.845,356.758,2
418.232,141.376,1
421.715,171.755,1
177.828,192.869,0
208.155,210.446,0
229.629,391.879,2
265.689,366.717,2
273.253,360.754,2
506.811,169.389,1
437.429,166.108,1
182.581,184.049,0
321.483,319.654,2
455.291,128.185,1
170.127,224.934,0
440.145,203.778,1
151.289,174.285,0
223.202,181.867,0
301.973,309.872,2
385.501,219.253,1
240.542,360.416,2
314.218,330.907,2
431.28,219.216,1
491.161,172.549,1
227.983,354.819,2
453.94,168.61,1
479.248,256.773,1
157.034,107.801,0
334.653,396.421,2
252.235,160.073,0
463.729,134.937,1
142.054,190.504,0
256.606,369.131,2
184.479,214.619,0
296.701,314.689,2
330.396,406.454,2
460.543,181.916,1
191.384,145.064,0
231.984,174.198,0
222.311,198.057,0
165.264,155.33,0
431.692,174.856,1
389.746,155.584,1
416.029,146.517,1
351.713,373.925,2
483.963,103.915,1
228.776,124.429,0
183.168,204.397,0
125.74,228.279,0
466.228,144.983,1
355.151,410.478,2
323.058,402.543,2
454.524,124.187,1
475.851,133.289,1
259.216,385.777,2
344.463,349.077,2
196.07,383.22,2
216.113,196.301,0
442.796,148.95,1
311.131,341.313,2
224.157,305.877,2
386.468,243.244,1
160.471,120.996,0
336.222,354.342,2
430.513,82.1947,1
328.193,311.494,2
213.585,149.828,0
258.829,405.134,2
433.374,183.911,1
217.541,190.124,0
215.011,340.995,2
480.053,95.4829,1
202.893,215.623,0
161.514,194.9,0
188.484,171.75,0
445.017,211.441,1
237.65,318.303,2
179.491,96.4545,0
451.488,119.58,1
421.288,157.954,1
144.922,87.1369,0
330.271,376.535,2
214.058,386.577,2
211.178,180.08,0
388.515,188.112,1
149.244,168.987,0
444.494,190.196,1
205.914,213.944,0
424.364,207.835,1
183.313,111.188,0
436.735,182.768,1
287.341,367.07,2
298.464,340.033,2
432.861,219.138,1
378.695,216.57,1
267.234,361.403,2
175.869,200.152,0
473.289,188.002,1
165.687,141.115,0
257.192,160.281,0
434.609,146.687,1
423.627,123.155,1
487.232,178.435,1
436.769,161.613,1
485.887,163.766,1
405.395,202.574,1
167.897,217.399,0
288.853,348.732,2
303.328,339.432,2
453.392,219.967,1
226.908,179.263,0
330.424,335.209,2
284.346,375.625,2
146.176,218.989,0
194.939,180.392,0
227.688,414.487,2
289.92,355.203,2
364.722,364.071,2
290.035,337.84,2
414.184,139.42,1
164.149,204.926,0
340.432,235.632,1
244.17,174.75,0
222.092,156.136,0
411.04,241.135,1
351.209,156.116,1
185.988,149.847,0
182.572,183.988,0
200.339,119.135,0
154.696,102.866,0
473.891,158.208,1
216.151,336.387,2
230.936,187.754,0
459.902,119.936,1
449.822,224.028,1
464.646,186.451,1
401.379,181.058,1
287.172,338.835,2
329.152,361.487,2
161.545,156.114,0
176.407,203.281,0
442.51,144.684,1
134.879,102.028,0
199.952,243.674,0
312.211,389.964,2
480,144.144,1
448.993,174.063,1
137.383,174.405,0
222.657,169.086,0
449.532,148.168,1
472.706,106.927,1
471.413,147.654,1
354.139,227.924,1
326.262,365.092,2
203.715,115.682,0
169.518,147.836,0
240.493,348.042,2
475.078,176.466,1
484.706,149.79,1
484.028,159.951,1
266.236,356.072,2
448.904,138.166,1
438.657,266.91,1
433.164,182.224,1
381.595,399.495,2
434.246,132.543,1
447.213,143.255,1
196.214,177.583,0
303.223,376.714,2
226.474,385.45,2
480.84,123.972,1
266.199,444.47,2
192.927,114.407,0
274.645,421.587,2
250.873,359.891,2
156.039,91.4126,0
435.102,110.783,1
452.54,107.856,1
472.096,99.4817,1
429.828,239.783,1
215.262,134.439,0
444.63,224.404,1
183.253,172.388,0
161.12,188.748,0
289.543,373.916,2
208.93,158.55,0
289.601,374.686,2
390.101,211.59,1
264.847,356.211,2
348.412,365.993,2
197.679,160.537,0
388.417,170.193,1
180.729,207.706,0
220.959,84.8746,0
310.232,352.26,2
450.484,192.591,1
202.395,144.672,0
388.408,218.722,1
297.143,375.389,2
298.607,317.712,2
480.114,135.416,1
336.597,288.102,2
334.245,346.265,2
439.793,199.575,1
460.458,227.703,1
456.757,122.78,1
461.601,163.001,1
214.23,129.329,0
145.252,168.345,0
450.603,210.76,1
342.97,348.693,2
177.933,131.5,0
229.94,430.119,2
164.701,101.027,0
417.164,236.993,1
434.297,224.163,1
427.142,169.263,1
395.655,227.799,1
329.996,365.719,2
322.392,325.559,2
202.922,123.585,0
334.7,310.926,2
425.279,123.406,1
436.255,244.689,1
135.762,116.202,0
448.568,214.585,1
206.846,161.397,0
338.692,400.84,2
345.128,399.122,2
346.966,356.196,2
242.033,396.204,2
190.964,153.398,0
448.279,119.365,1
509.638,172.693,1
193.7,155.898,0
395.366,216.799,1
343.123,350.321,2
496.445,128.916,1
184.617,169.854,0
228.912,221.755,0
214.935,148.702,0
309.797,339.635,2
269.784,355.677,2
309.164,381.165,2
163.913,144.987,0
251.182,415.607,2
327.68,404.759,2
469.768,200.783,1
454.072,144.462,1
260.936,117.65,0
416.07,205.449,1
300.72,394.473,2
307.503,380.6,2
147.67,189.743,0
186.302,165.632,0
250.025,158.738,0
496.923,180.292,1
410.272,177.043,1
206.773,406.251,2
251.77,412.791,2
444.09,115.717,1
470.597,199.73,1
306.506,408.675,2
199.607,172.987,0
309.796,339.107,2
120.815,126.908,0
431.512,198.515,1
214.363,180.294,0
425.248,154.137,1
376.092,173.414,1
430.367,162.585,1
161.412,231.29,0
456.758,168.674,1
470.967,172.175,1
272.968,352.794,2
268.028,348.451,2
440.263,180.968,1
215.293,206.051,0
486.007,126.474,1
259.759,362.143,2
179.626,193.127,0
447.26,109.244,1
193.788,143.007,0
318.457,399.806,2
477.557,163.62,1
246.214,349.467,2
259.23,295.971,2
333.838,435.419,2
290.563,354.814,2
426.798,176.492,1
283.545,372.495,2
147.031,104.151,0
242.197,333.551,2
206.052,159.901,0
156.875,132.134,0
177.268,114.131,0
278.12,336.769,2
255.331,388.975,2
443.842,197.577,1
185.98,220.768,0
178.97,159.024,0
211.046,224.404,0
300.385,360.944,2
197.259,155.591,0
409.386,204.38,1
340.361,363.395,2
407.758,136.912,1
419.073,157.034,1
243.356,368.896,2
440.868,114.946,1
119.394,203.838,0
183.977,204.415,0
441.3,220.309,1
469.084,202.865,1
171.668,70.3087,0
427.15,147.397,1
330.642,314.036,2
288.192,357.222,2
206.938,212.421,0
310.858,369.82,2
412.933,221.918,1
233.516,353.98,2
293.546,408.241,2
265.182,429.523,2
142.674,179.968,0
177.985,175.728,0
483.459,140.935,1
275.435,365.6,2
468.717,194.604,1
262.119,150.852,0
268.91,317.984,2
246.744,156.86,0
405.236,163.583,1
153.782,189.643,0
221.424,164.82,0
421.244,155.51,1
170.258,94.3277,0
247.722,384.729,2
512.067,159.092,1
458.461,93.4917,1
463.166,183.751,1
195.996,144.343,0
233.221,168.448,0
307.358,409.316,2
187.828,136.513,0
223.263,198.081,0
356.508,171.441,1
390.833,230.392,1
159.383,167.641,0
340.989,266.372,2
412.158,118.223,1
442.015,115.299,1
287.101,389.605,2
457.559,147.011,1
324.132,383.064,2
170.395,110.204,0
441.503,213.527,1
308.284,332.949,2
299.337,332.528,2
415.15,110.891,1
147.997,140.747,0
402.171,143.046,1
192.026,216.522,0
327.823,357.438,2
155.821,141.567,0
493.252,172.821,1
280.346,289.703,2
262.477,357.078,2
300.645,366.705,2
311.461,410.452,2
138.177,110.567,0
319.484,308.782,2
468.319,152.978,1
432.826,145.019,1
180.593,219.765,0
370.1,365.637,2
211.401,201.027,0
433.247,120.96,1
378.805,154.77,1
259.056,371.35,2
463.799,150.939,1
226.907,361.568,2
457.577,179.463,1
372.691,248.488,1
131.284,184.728,0
434.873,199.666,1
301.371,383.109,2
218.422,129.391,0
264.858,370.873,2
468.952,120.855,1
261.818,393.364,2
468.429,182.532,1
359.38,405.09,2
203.921,178.492,0
106.658,151.844,0
269.86,425.938,2
410.661,154.216,1
333.233,325.207,2
451.161,169.384,1
108.379,145.762,0
384.172,187.783,1
171.277,102.78,0
219.001,151.527,0
138.724,139.178,0
443.515,141.55,1
397.819,164.908,1
270.162,389.648,2
217.643,421.212,2
413.612,216.318,1
247.847,332.333,2
334.154,369.537,2
491.719,103.8,1
466.725,196.157,1
466.8,187.887,1
435.828,202.557,1
472.65,131.279,1
503.145,175.053,1
280.616,410.65,2
181.023,209.649,0
270.731,336.971,2
318.26,339.287,2
420.548,205.72,1
316.671,383.662,2
165.772,149.587,0
441.13,112.719,1
212.764,210.182,0
427.377,192.861,1
213.898,204.645,0
157.575,109.927,0
224.199,234.424,0
431.137,169.615,1
493.085,184.684,1
225.81,205.214,0
384.605,234.468,1
482.464,153.737,1
268.54,335.651,2
196.05,159.337,0
497.708,130.534,1
326.309,351.59,2
454.909,190.3,1
272.044,369.12,2
174.291,166.143,0
379.942,210.261,1
311.224,364.97,2
442.76,244.873,1
433.451,126.85,1
142.863,164.893,0
216.151,404.355,2
272.611,326.964,2
308.487,422.47,2
313.01,407.635,2
403.579,179.259,1
213.996,136.964,0
162.454,136.663,0
325.864,376.812,2
434.607,177.164,1
193.296,205.372,0
213.341,342.996,2
266.829,363.01,2
293.552,363.621,2
196.473,129.071,0
302.825,312.084,2
459.035,216.306,1
374.219,319.301,2
160.131,147.608,0
183.609,192.915,0
206.885,225.78,0
354.348,385.956,2
396.605,247.249,1
183.791,120.709,0
255.667,288.144,2
148.593,199.482,0
455.091,139.214,1
189.22,146.049,0
330.683,387.212,2
417.713,123.37,1
196.452,110.392,0
469.986,157.198,1
165.874,188.726,0
166.228,138.109,0
261.814,298.476,2
459.615,206.356,1
205.387,176.512,0
324.188,357.484,2
190.661,149.517,0
451.371,195.119,1
193.599,199.068,0
456.247,142.998,1
271.52,327.854,2
280.844,356.954,2
393.268,178.772,1
329.693,349.701,2
433.752,190.583,1
230.054,188.96,0
314.453,376.637,2
182.406,224.203,0
384.785,149.055,1
204.305,172.878,0
440.096,175.119,1
261.041,413.118,2
142.562,149.208,0
451.253,215.972,1
453.723,180.75,1
208.523,207.707,0
477.971,178.987,1
309.817,346.287,2
237.804,350.323,2
421.394,167.584,1
288.62,394.651,2
177.641,195.122,0
244.368,359.607,2
195.827,171.238,0
177.62,229.637,0
243.928,364.038,2
307.62,332.608,2
210.751,139.228,0
398.455,228.968,1
221.857,328.939,2
403.51,223.894,1
198.223,157.739,0
209.92,140.003,0
394.413,243.545,1
346.849,386.479,2
213.124,143.689,0
266.777,365.038,2
404.184,242.32,1
462.525,150.844,1
326.1,339.431,2
213.081,140.539,0
465.214,181.475,1
122.858,145.826,0
352.173,360.499,2
374.059,410.163,2
295.822,314.909,2
267.034,353.946,2
154.486,191.327,0
161.883,185.397,0
324.229,396.552,2
465.699,206.218,1
146.182,153.157,0
175.564,127.831,0
438.55,128.106,1
164.308,195.085,0
294.7,442.301,2
160.072,150.345,0
444.131,189.017,1
441.98,174.287,1
220.086,378.864,2
278.229,417.416,2
177.712,151.1,0
230.902,179.409,0
255.834,338.677,2
397.427,372.44,2
432.401,193.623,1
226.427,340.377,2
203.937,373.982,2
277.413,384.392,2
370.921,231.493,1
194.837,183.43,0
465.172,219.728,1
394.48,194.611,1
205.519,127.176,0
435.901,88.3756,1
170.483,119.711,0
211.283,245.72,0
240.363,142.423,0
195.922,153.463,0
333.251,338.943,2
289.719,400.213,2
214.869,146.766,0
188.744,396.677,2
223.332,329.683,2
452.197,120.611,1
155.792,175.276,0
307.55,311.83,2
165.117,189.723,0
447.759,134.871,1
219.244,145.359,0
479.551,113.742,1
399.939,139.85,1
249.005,369.637,2
200.65,182.726,0
283.319,354.42,2
252.664,326.994,2
418.539,128.965,1
321.121,326.695,2
197.31,172.134,0
210.024,116.541,0
259.407,393.019,2
271.622,376.591,2
200.38,157.804,0
432.315,151.861,1
268.566,359.949,2
295.405,328.839,2
179.322,153.025,0
177.774,116.008,0
488.342,162.834,1
240.903,308.31,2
224.137,182.108,0
348.647,382.463,2
172.513,155.045,0
226.289,106.123,0
216.835,351.519,2
251.483,143.105,0
171.019,150.642,0
179.054,175.387,0
478.272,155.696,1
259.402,438.765,2
434.957,118.211,1
221.752,383.942,2
167.334,191.721,0
391.487,235.198,1
264.031,336.799,2
255.6,371.944,2
129.829,142.207,0
174.905,104.266,0
442.767,188.902,1
335.087,333.294,2
256.271,325.286,2
402.947,148.819,1
469.903,173.309,1
239.08,348.447,2
350.784,364.59,2
155.151,204.903,0
176.574,132.533,0
267.049,351.845,2
155.266,91.1422,0
198.721,181.009,0
323.162,364.662,2
214.221,175.076,0
315.054,360.667,2
456.754,141.55,1
168.865,177.409,0
385.927,229.342,1
140.359,171.126,0
326.191,329.834,2
182.354,207.668,0
400.279,102.133,1
133.424,157.427,0
445.253,125.187,1
439.722,161.269,1
421.861,204.14,1
310.539,327.324,2
334.789,389.522,2
246.592,200.485,0
234.218,405.406,2
174.003,193.503,0
232.314,403.503,2
322.044,318.464,2
409.769,111.422,1
256.808,357.869,2
255.97,433.212,2
432.459,185.104,1
461.323,168.871,1
169.449,192.368,0
143.239,79.6285,0
122.2,192.98,0
156.004,158.676,0
231.571,362.688,2
153.793,200.366,0
262.765,376.86,2
493.145,119.528,1
217.285,347.784,2
166.456,179.11,0
270.284,415.976,2
387.255,191.633,1
455.989,158.493,1
504.351,117.116,1
412.212,211.571,1
213.47,164.268,0
349.024,367.538,2
155.566,187.839,0
226.284,355.254,2
224.504,409.74,2
430.913,207.277,1
178.855,205.68,0
259.636,442.723,2
223.413,184.503,0
286.31,348.902,2
471.733,220.755,1
255.88,328.931,2
233.55,412.686,2
194.674,123.215,0
298.041,374.601,2
439.476,208.461,1
177.973,179.368,0
240.708,374.562,2
286.41,412.57,2
163.15,169.034,0
236.72,399.022,2
157.599,147.398,0
255.924,384.806,2
180.003,222.945,0
367.846,349.105,2
397.898,181.19,1
416.723,87.2393,1
424.438,165.681,1
419.952,226.721,1
467.021,212.063,1
181.833,169.442,0
249.984,377.908,2
186.374,168.607,0
244.042,175.779,0
448.031,198.752,1
424.116,204.893,1
334.85,313.494,2
285.272,327.012,2
212.464,143.361,0
216.205,394.496,2
272.541,315.308,2
184.877,131.632,0
464.117,171.099,1
353.484,297.2,2
367.287,381.183,2
199.55,377.1,2
457.393,198.035,1
209.248,184.574,0
393.87,181.345,1
174.678,146.722,0
193.434,175.645,0
213.778,222.822,0
306.804,269.228,2
256.653,389.624,2
460.372,102.875,1
153.516,221.409,0
258.835,413.203,2
294.067,367.21,2
301.861,375.043,2
302.199,387.177,2
417.346,167.994,1
161.727,130.251,0
150.48,105.148,0
293.722,320.446,2
221.326,234.951,0
181.814,212.57,0
136.218,151.578,0
251.419,346.437,2
153.262,114.905,0
279.703,400.956,2
459.31,164.617,1
193.877,191.119,0
481.005,94.6432,1
298.156,366.951,2
489.837,171.186,1
218.189,222.765,0
472.196,152.679,1
485.261,169.788,1
327.506,342.946,2
503.496,109.906,1
161.027,173.975,0
166.829,199.966,0
190.134,208.23,0
265.54,353.287,2
197.457,312.333,2
433.076,175.39,1
146.484,179.962,0
270.603,317.989,2
302.755,392.044,2
242.921,413.672,2
183.764,122.576,0
177.881,219.809,0
475.558,118.98,1
459.487,216.694,1
268.218,360.602,2
207.682,209.84,0
257.844,159.688,0
329.522,340.251,2
185.504,136.611,0
432.974,180.942,1
165.765,179.849,0
184.375,136.565,0
275.79,367.593,2
408.609,163.293,1
190.559,171.108,0
447.686,141.823,1
194.073,187.591,0
437.475,187.021,1
339.639,303.479,2
191.228,112.652,0
199.228,325.619,2
449.712,149.4,1
144.076,170.307,0
329.698,347.474,2
187.988,114.692,0
231.16,169.821,0
302.216,385.165,2
196.178,205.21,0
408.307,167.7,1
224.448,374.776,2
166.224,153.156,0
176.63,155.818,0
470.349,246.115,1
198.001,151.694,0
295.837,383.171,2
289.832,381.036,2
277.299,343.756,2
311.557,373.816,2
322.133,287.64,2
375.828,120.563,1
261.817,428.292,2
184.899,119.023,0
339.593,218.239,1
430.036,238.493,1
490.597,181.278,1
295.71,339.769,2
120.73,136.838,0
151.878,200.255,0
128.598,150.393,0
167.56,130.257,0
255.458,411.817,2
327.405,338.587,2
246.733,397.812,2
157.833,235.61,0
412.015,134.522,1
297.407,343.151,2
313.256,351.187,2
317.224,403.435,2
449.743,241.233,1
154.753,146.133,0
334.628,356.551,2
195.178,166.505,0
141.469,132.084,0
214.17,379.927,2
254.574,382.448,2
200.657,197.844,0
420.707,122.363,1
230.8,344.797,2
181.905,146.818,0
443.788,134.985,1
308.902,354.533,2
334.671,393.015,2
436.596,134.363,1
306.951,371.456,2
178.745,163.006,0
162.004,139.153,0
433.841,167.403,1
247.462,422.828,2
309.472,365.705,2
405.799,186.838,1
456.269,180.899,1
335.941,354.224,2
350.023,391.588,2
455.327,169.466,1
181.229,174.784,0
189.441,98.1884,0
155.509,203.271,0
203.709,219.08,0
483.709,156.583,1
184.419,207.933,0
105.014,140.85,0
337.842,408.084,2
346.715,263.995,2
331.024,391.95,2
194.221,216.409,0
288.801,321.238,2
219.56,344.509,2
282.154,423.441,2
426.266,198.913,1
183.619,187.886,0
322.239,369.013,2
235.449,343.399,2
328.06,310.449,2
409.11,230.465,1
296.902,310.167,2
309.442,366.451,2
313.068,390.235,2
418.837,237.072,1
185.314,212.38,0
475.717,210.416,1
175.797,152.19,0
493.823,165.683,1
466.183,118.092,1
477.657,128.007,1
139.758,122.834,0
170.597,78.2807,0
220.063,162.617,0
188.541,110.637,0
199.874,154.541,0
183.685,146.542,0
447.863,161.467,1
484.911,117.118,1
146.213,157.39,0
190.083,161.465,0
223.779,198.556,0
414.081,172.453,1
401.149,89.3171,1
477.551,158.746,1
214.557,179.361,0
208.716,220.04,0
417.945,170.729,1
287.483,391.345,2
493.056,134.216,1
314.853,398.064,2
407.675,212.417,1
244.206,127.811,0
285.424,368.523,2
220.188,197.013,0
279.327,412.253,2
203.462,198.571,0
469.476,143.371,1
329.22,342.05,2
203.33,380.957,2
323.814,270.587,2
298.676,378.466,2
311.885,355.172,2
254.088,362.426,2
335.207,384.428,2
433.746,167.997,1
207.748,186.831,0
457.021,173.19,1
246.939,336.576,2
336.252,380.027,2
324.453,314.442,2
467.694,194.941,1
415.16,176.946,1
456.708,145.164,1
479.302,144.002,1
171.601,167.791,0
296.084,351.138,2
278.213,338.042,2
128.21,178.841,0
452.888,224.821,1
384.581,188.168,1
432.441,180.77,1
229.038,100.848,0
286.95,350.687,2
364.012,352.021,2
319.471,355.165,2
218.131,175.019,0
480.098,182.228,1
174.842,124.742,0
469.428,180.054,1
262.88,371.056,2
283.958,279.262,2
469.178,125.043,1
433.153,210.58,1
326.253,374.485,2
450.245,201.654,1
157.399,215.492,0
188.15,229.012,0
209.677,382.849,2
431.352,143.289,1
468.018,168.528,1
399.845,147.387,1
159.878,232.515,0
223.689,311.76,2
335.289,382.054,2
255.103,191.474,0
393.26,142.735,1
416.91,106.939,1
167.059,161.342,0
186.13,140.338,0
300.984,357.371,2
422.098,175.821,1
299.101,384.603,2
181.409,207.86,0
195.046,191.569,0
129.033,214.447,0
307.194,279.474,2
343.299,389.305,2
272.261,342.889,2
312.525,373.814,2
296.189,311.641,2
170.57,99.3808,0
300.451,383.224,2
483.372,88.0057,1
164.116,210.943,0
313.856,413.35,2
180.374,83.6477,0
234.9,381.997,2
502.959,166.208,1
463.128,118.343,1
210.068,194.272,0
401.827,152.424,1
316.532,364.278,2
460.162,144.942,1
174.722,115.743,0
208.311,171.95,0
381.339,403.901,2
203.465,119.932,0
347.276,346.54,2
315.586,346.577,2
508.628,154.833,1
431.216,148.642,1
283.262,405.515,2
166.047,161.151,0
296.388,416.871,2
192.471,224.425,0
445.748,129.251,1
181.946,151.829,0
164.983,114.513,0
321.949,345.207,2
211.252,364.218,2
201.352,131.438,0
229.009,167.729,0
165.224,232.856,0
333.706,418.12,2
228.282,186.607,0
446.524,107.942,1
438.632,136.783,1
449.406,131.609,1
201.241,410.636,2
268.411,361.23,2
305.583,333.311,2
199.813,202.901,0
467.082,113.524,1
479.74,162.028,1
477.085,176.938,1
225.261,415.454,2
281.744,341.462,2
247.769,379.801,2
380.675,220.238,1
450.24,182.245,1
366.67,359.298,2
211.61,240.626,0
449.489,132.983,1
235.616,189.105,0
215.232,177.104,0
271.398,382.239,2
446.826,215.007,1
198.457,143.001,0
250.432,367.991,2
268.9,305.142,2
366.162,227.824,1
305.181,337.396,2
445.708,178.808,1
396.261,173.211,1
432.388,137.818,1
310.824,336.9,2
444.718,159.501,1
506.89,102.497,1
196.889,120.373,0
474.047,200.593,1
437.916,108.913,1
175.546,127.995,0
213.081,209.518,0
125.621,151.893,0
433.518,148.756,1
436.441,212.16,1
387.106,238.237,1
499.862,140.673,1
204.823,95.696,0
347.395,392.715,2
479.085,186.759,1
184.118,182.975,0
421.363,177.389,1
236.367,366.736,2
245.943,363.542,2
471.934,166.376,1
128.223,141.744,0
412.138,151.601,1
409.611,253.635,1
277.078,370.841,2
151.853,130.201,0
484.412,149.513,1
437.439,172.593,1
431.944,154.585,1
427.434,112.889,1
432.828,140.115,1
370.346,246.601,1
213.258,341.293,2
161.501,179.308,0
184.97,117.439,0
190.337,205.748,0
429.821,199.175,1
470.453,165.288,1
410.265,149.455,1
207.796,219.116,0
349.757,365.702,2
313.668,345.925,2
356.728,343.655,2
189.465,128.422,0
303.954,373.068,2
278.133,396.284,2
205.23,137.454,0
140.214,181.114,0
434.05,133.188,1
465.325,227.689,1
195.05,162.541,0
271.227,428.737,2
229.444,118.093,0
469.691,198.255,1
294.004,376.219,2
433.085,140.77,1
319.449,323.333,2
215.164,185.95,0
453.925,187.164,1
271.096,412.868,2
153.178,151.781,0
448.866,150.979,1
203.912,203.733,0
459.423,184.796,1
277.409,384.001,2
181.903,147.497,0
498.676,138.123,1
223.512,310.345,2
171.679,160.831,0
204.407,109.297,0
443.662,165.453,1
411.115,171.564,1
202.294,100.428,0
427.556,97.125,1
423.808,104.872,1
448.096,153.364,1
158.097,189.978,0
153.761,220.738,0
159.195,117.828,0
466.15,158.795,1
407.587,224.898,1
383.227,248.273,1
143.147,199.352,0
248.306,369.416,2
212.692,196.21,0
373.644,366.531,2
259.339,441.852,2
323.756,392.841,2
250.46,194.818,0
183.472,406.759,2
421.973,109.629,1
222.367,294.648,2
256.346,361.149,2
455.136,160.655,1
202.707,173.82,0
277.842,353.317,2
181.024,175.851,0
176.802,140.606,0
490.38,181.936,1
452.419,149.691,1
171.416,188.213,0
335.599,351.871,2
192.041,89.7901,0
491.268,201.373,1
427.255,198.205,1
422.745,180.572,1
413.751,217.946,1
446.203,221.876,1
293.935,357.243,2
194.272,207.47,0
333.63,328.836,2
187.417,159.651,0
395.168,224.51,1
200.448,145.319,0
185.464,164.547,0
480.871,162.474,1
482.877,142.055,1
255.128,339.129,2
191.043,89.8528,0
220.967,166.128,0
157.323,154.949,0
426.407,150.324,1
295.276,321.363,2
169.321,188.308,0
341.454,320.68,2
292.704,392.379,2
412.872,121.261,1
240.427,347.476,2
281.66,350.263,2
245.06,338.752,2
467.02,198.154,1
151.125,180.482,0
283.867,340.938,2
334.006,362.993,2
186.252,146.341,0
147.989,131.004,0
440.351,237.915,1
195.358,197.202,0
195.387,140.159,0
455.036,194.743,1
319.617,389.522,2
262.051,318.548,2
159.988,164.848,0
423.192,186.66,1
182.857,170.27,0
478.941,194.464,1
472.643,182.877,1
474.888,180.607,1
167.693,177.824,0
354.681,334.213,2
430.433,142.804,1
186.18,169.222,0
142.231,119.9,0
278.368,370.466,2
234.514,372.901,2
445.507,206.295,1
416.82,159.834,1
425.045,145.725,1
261.157,360.398,2
439.357,145.481,1
472.35,146.382,1
460.354,233.856,1
195.007,184.433,0
121.445,180.818,0
214.132,401.92,2
186.17,112.057,0
465.898,158.725,1
301.477,329.715,2
150.146,187.193,0
171.266,100.284,0
171.331,201.605,0
408.395,171.951,1
299.412,418.016,2
425.332,206.649,1
266.268,402.441,2
462.997,191.113,1
491.933,170.02,1
196.15,193.763,0
461.981,102.072,1
340.714,323.37,2
485.708,158.615,1
192.401,130.283,0
471.804,190.953,1
178.977,135.45,0
463.316,134.782,1
388.619,230.152,1
454.082,118.224,1
332.278,398.533,2
291.653,396.466,2
467.291,124.814,1
424.571,225.347,1
440.195,230.71,1
193.06,136.383,0
254.22,351.883,2
388.705,138.721,1
307.25,265.247,2
304.5,388.934,2
172.122,126.807,0
426.798,209.478,1
470.813,161.741,1
122.608,155.561,0
406.658,164.781,1
273.033,410.376,2
448.555,137.79,1
398.109,177.724,1
211.632,161.906,0
326.981,344.495,2
111.157,110.018,0
275.782,352.397,2
127.602,90.2748,0
460.555,214.207,1
191.671,104.522,0
434.025,208.922,1
244.189,378.789,2
363.24,363.45,2
201.947,402.305,2
258.116,374.819,2
439.153,200.087,1
493.471,172.061,1
297.722,414.472,2
333.194,337.66,2
457.153,120.464,1
166.328,196.273,0
431.49,188.609,1
290.45,303.676,2
278.918,415.884,2
173.741,124.083,0
185.085,200.339,0
446.112,210.735,1
294.218,316.147,2
243.387,395.771,2
319.126,404.068,2
238.822,382.038,2
434.021,102.645,1
221.126,144.891,0
184.17,85.6761,0
161.227,84.6297,0
428.808,189.706,1
252.451,383.816,2
467.041,175.883,1
132.812,169.722,0
449.614,173.483,1
180.133,200.368,0
499.309,171.117,1
186.916,173.373,0
415.702,217.802,1
368.565,361.341,2
295.044,330.636,2
159.428,130.118,0
435.362,191.937,1
431,234.864,1
160.808,131.538,0
476.751,139.983,1
201.276,97.8509,0
303.707,383.041,2
267.324,287.608,2
309.192,362.504,2
389.863,413.458,2
472.014,102.654,1
115.234,159.758,0
202.101,143.08,0
442.651,174.195,1
320.927,363.898,2
170.942,207.932,0
431.247,216.129,1
434.487,107.609,1
244.609,370.623,2
238.014,433.15,2
402.944,177.53,1
295.673,388.269,2
463.477,174.42,1
166.246,134.452,0
267.435,325.078,2
238.072,340.614,2
171.87,127.635,0
230.495,195.533,0
295.371,338.467,2
142.419,166.277,0
261.404,362.027,2
443.911,242.568,1
191.959,126.485,0
135.975,133.168,0
234.532,339.268,2
255.954,383.222,2
463.091,183.048,1
460.491,165.876,1
435.751,237.547,1
352.038,378.797,2
454.53,199.104,1
312.932,357.8,2
312.329,296.313,2
242.16,154.399,0
253.339,356.941,2
213.079,161.314,0
266.629,407.002,2
493.696,168.112,1
303.147,423.518,2
344.396,332.631,2
334.117,394.322,2
152.306,107.881,0
180.457,151.441,0
227.303,333.708,2
244.154,146.175,0
303.869,379.93,2
465.921,203.856,1
193.818,122.141,0
129.86,229.42,0
342.228,371.697,2
327.904,360.705,2
137.001,110.6,0
175.207,173.006,0
152.799,191.976,0
152.703,153.575,0
160.908,152.212,0
434.438,159.113,1
217.219,372.568,2
426.81,144.263,1
293.791,330.821,2
138.055,125.514,0
303.016,361.728,2
216.284,156.183,0
316.562,280.621,2
393.614,369.588,2
496.433,157.985,1
266.488,393.619,2
323.416,368.336,2
233.191,320.524,2
426.257,219.322,1
244.936,356.369,2
202.708,372.1,2
274.949,338.169,2
239.664,381.787,2
435.757,150.615,1
352.642,310.067,2
429.308,205.467,1
162.056,141.331,0
506.643,186.892,1
338.172,333.425,2
399.946,396.797,2
205.99,167.11,0
199.519,197.87,0
231.259,418.209,2
179.655,167.212,0
425.61,114.085,1
204.413,212.467,0
341.162,382.861,2
467.131,125.704,1
169.997,119.24,0
459.318,155.654,1
296.279,391.927,2
127.772,95.1396,0
312.437,345.138,2
320.668,358.57,2
236.078,166.028,0
246.402,207.16,0
420.867,135.946,1
353.561,399.117,2
485.766,111.374,1
229.166,338.861,2
237.086,179.849,0
233.533,157.978,0
220.921,408.924,2
429.854,137.42,1
424.61,243.308,1
461.757,198.461,1
232.944,164.753,0
193.253,372.431,2
295.068,328.466,2
265.581,387.433,2
152.566,121.266,0
210.976,357.57,2
309.614,303.356,2
157.891,152.672,0
205.174,157.504,0
322.782,319.663,2
199.562,182.277,0
203.84,137.826,0
265.802,313.024,2
455.189,181.041,1
423.718,85.2213,1
383.267,163.699,1
425.081,170.955,1
176.679,162.908,0
169.452,166.116,0
183.516,124.777,0
443.609,226.85,1
192.939,152.371,0
497.716,206.906,1
227.652,305.355,2
480.398,168.018,1
184.197,164.334,0
497.847,209.295,1
215.692,136.161,0
420.997,227.542,1
229.356,166.974,0
165.978,167.362,0
144.257,134.413,0
424.159,199.503,1
428.148,166.996,1
202.107,96.6306,0
436.643,136.837,1
222.235,139.337,0
312.308,292.455,2
172.96,148.117,0
166.37,86.0192,0
410.879,181.401,1
382.927,144.351,1
403.883,164.164,1
238.261,390.522,2
233.048,130.703,0
483.391,127.868,1
220.065,175.332,0
229.47,168.859,0
463.313,106.242,1
481.999,157.247,1
211.611,177.971,0
313.631,406.013,2
433.902,190.398,1
201.934,165.106,0
295.012,389.641,2
291.97,418.455,2
277.074,338.853,2
443.945,104.194,1
425.05,155.519,1
178.808,176.982,0
468.837,150.312,1
247.565,359.963,2
221.77,383.448,2
249.829,318.597,2
370.014,216.36,1
189,207.786,0
191.173,124.598,0
495.468,123.105,1
417.5,186.206,1
368.709,159.851,1
138.789,166.74,0
197.809,167.872,0
257.116,166.737,0
173.995,195.152,0
368.435,348.58,2
193.67,188.408,0
262.032,336.977,2
135.793,153.069,0
221.329,243.556,0
153.474,156.972,0
181.318,223.725,0
425.058,245.947,1
302.255,368.785,2
272.5,328.494,2
240.226,398.912,2
418.046,154.94,1
473.273,172.309,1
170.89,149.742,0
463.931,126.402,1
482.536,177.41,1
299.592,414.669,2
342.628,306.386,2
424.569,144.725,1
226.175,180.223,0
255.855,323.785,2
437.781,121.844,1
158.054,194.851,0
235.734,233.057,0
255.142,395.033,2
430.616,140.305,1
221.745,188.369,0
241.118,312.311,2
166.115,225.097,0
326.632,400.831,2
448.547,202.737,1
467.846,195.482,1
449.712,148.181,1
182.19,123.11,0
189.48,155.041,0
197.769,147.296,0
182.161,144.879,0
166.472,107.476,0
237.806,288.911,2
462.039,119.367,1
217.224,177.747,0
249.867,356.959,2
459.59,219.189,1
170.422,178.089,0
243.805,242.194,0
453.212,222.765,1
416.347,176.673,1
300.338,415.178,2
264.622,383.963,2
413.35,179.326,1
462.61,149.308,1
431.286,130.365,1
417.803,129.753,1
499.978,179.626,1
427.337,169.796,1
440.885,143.347,1
206.976,154.863,0
433.452,193.574,1
263.002,411.419,2
168.568,164.225,0
438.663,210.365,1
239.6,445.941,2
464.291,169.412,1
234.61,356.164,2
319.009,411.153,2
320.099,359.085,2
229.876,297.837,2
201.459,346.429,2
221.897,155.239,0
344.328,331.174,2
337.592,159.273,1
284.551,344.214,2
275.116,356.548,2
424.337,207.644,1
443.215,164.496,1
197.369,135.112,0
478.518,148.446,1
288.575,336.756,2
332.633,422.332,2
448.308,177.993,1
508.945,174.641,1
204.471,366.927,2
415.891,219.65,1
456.143,125.886,1
459.008,182.434,1
185.156,171.523,0
218.515,193.366,0
467.123,201.327,1
485.778,157.506,1
213.692,208.139,0
283.265,420.736,2
119.433,229.409,0
405.28,174.036,1
329.2,366.475,2
182.963,339.274,2
163.218,209.474,0
171.161,156.443,0
228.86,131.838,0
445.554,156.483,1
216.771,172.077,0
238.677,350.322,2
197.099,137.155,0
432.652,175.858,1
427.903,176.705,1
148.876,123.181,0
429.295,128.048,1
300.849,415.375,2
424.148,225.238,1
417.831,165.805,1
231.943,390.728,2
472.286,166.887,1
378.837,201.913,1
350.416,334.324,2
444.024,128.548,1
436.732,146.967,1
456.683,154.789,1
460.308,194.42,1
169.452,178.749,0
172.139,178.953,0
227.957,378.268,2
189.063,237.252,0
172.169,133.848,0
199.495,186.961,0
118.657,196.116,0
454.4,151.302,1
362.788,196.709,1
323.373,364.835,2
415.482,210.423,1
418.129,161.385,1
296.43,369.373,2
208.541,389.673,2
406.486,182.367,1
428.465,148.15,1
481.547,144.503,1
418.628,143.618,1
449.409,219.512,1
129.519,167.118,0
440.08,110.955,1
454.954,170.466,1
470.016,160.664,1
265.24,383.098,2
316.103,347.448,2
269.725,341.052,2
461.029,126.472,1
274.482,379.933,2
158.412,114.919,0
173.649,142.288,0
232.31,216.709,0
450.945,199.405,1
201.427,113.208,0
422.815,197.227,1
451.538,143.507,1
232.696,229.851,0
184.007,194.282,0
249.325,348.622,2
200.646,122.35,0
349.746,355.93,2
415.917,194.124,1
262.97,179.668,0
133.91,151.068,0
205.147,161.434,0
139.189,137.43,0
200.889,177.197,0
283.147,337.955,2
160.381,113.836,0
355.921,305.613,2
271.839,368.504,2
352.432,312.001,2
140.494,226.688,0
472.328,149.155,1
279.204,313.525,2
351.501,394.576,2
181.774,143.862,0
466.004,134.693,1
230.16,191.954,0
281.607,411.972,2
293.306,363.651,2
184.386,213.607,0
170.45,168.37,0
397.249,202.151,1
274.657,345.69,2
447.198,185.119,1
496.001,155.481,1
246.001,310.192,2
105.783,144.843,0
218.181,197.439,0
140.216,177.688,0
446.36,118.887,1
315.265,336.163,2
195.436,134.899,0
441.91,131.362,1
437.28,119.042,1
459.957,150.109,1
153.481,193.484,0
385.125,171.799,1
200.377,219.77,0
428.584,132.567,1
144.707,114.61,0
216.173,358.655,2
224.995,193.23,0
288.574,334.245,2
135.3,62.8245,0
295.525,386.389,2
442.551,209.192,1
240.848,344.291,2
459.065,146.31,1
444.488,166.353,1
216.493,204.917,0
141.53,235.341,0
265.456,388.941,2
134.88,149.716,0
208.327,180.918,0
278.719,345.23,2
461.087,130.921,1
442.872,204.239,1
485.039,151.121,1
215.913,359.374,2
162.422,158.285,0
441.09,173.916,1
189.406,195.914,0
454.556,122.946,1
441.053,159.497,1
434.993,191.735,1
460.641,130.961,1
425.802,230.357,1
288.327,316.704,2
156.166,151.819,0
217.705,120.476,0
428.051,237.241,1
460.683,248.384,1
193.322,227.917,0
215.028,214.398,0
168.226,138.637,0
216.07,183.916,0
366.149,360.887,2
469.961,217.805,1
109.336,113.865,0
261.098,342.772,2
313.904,428.681,2
212.725,141.863,0
305.101,380.408,2
447.296,94.9604,1
311.885,334.865,2
243.246,135.654,0
270.643,409.576,2
465.5,205.843,1
463.437,145.933,1
294.684,378.776,2
287.503,332.505,2
176.01,145.862,0
290.449,388.097,2
192.703,177.157,0
463.428,222.213,1
377.552,218.977,1
322.068,344.043,2
202.586,209.693,0
463.462,117.152,1
485.401,132.578,1
451.983,230.449,1
413.954,173.749,1
419.351,268.504,1
277.207,358.347,2
482.631,146.098,1
419.556,119.81,1
146.82,111.358,0
389.468,212.352,1
271.518,342.318,2
325.038,412.461,2
144.951,110.912,0
129.077,176.336,0
242.598,381.717,2
226.47,112.507,0
456.664,168.912,1
149.895,100.12,0
307.063,327.126,2
276.59,377.733,2
251.225,414.902,2
453.312,164.775,1
227.68,189.392,0
210.394,114.225,0
453.055,144.297,1
410.079,179.746,1
199.999,346.857,2
226.562,102.498,0
440.56,213.759,1
240.642,433.79,2
444.551,166.6,1
163.564,212.263,0
292.412,326.537,2
176.901,218.163,0
313.568,354.433,2
328.275,226.122,1
280.337,376.695,2
192.169,173.567,0
263.498,337.367,2
482.386,167.624,1
437.43,210.019,1
467.802,229.265,1
411.435,171.524,1
256.086,197.211,0
237.704,355.809,2
249.945,392.762,2
467.148,135.234,1
317.703,341.151,2
174.117,114.945,0
191.097,113.999,0
482.169,153.48,1
423.425,185.853,1
336.985,355.165,2
237.536,256.944,0
260.417,348.199,2
420.843,148.071,1
194.224,162.634,0
476.343,167.357,1
438.789,110.928,1
256.38,386.607,2
258.683,424.016,2
457.377,225.264,1
270.086,394.827,2
372.225,354.731,2
333.096,342.589,2
318.697,369.087,2
373.749,209.955,1
217.615,136.863,0
240.226,162.111,0
497.325,183.264,1
252.384,382.587,2
171.048,150.236,0
446.467,175.348,1
457.114,155.712,1
230.364,167.455,0
194.575,196.177,0
155.609,163.142,0
272.431,372.483,2
368.106,380.929,2
277.418,362.834,2
187.008,92.2694,0
501.418,172.33,1
370.052,132.837,1
426.584,181.222,1
169.11,158.254,0
156.68,201.155,0
314.881,301.425,2
402.55,120.537,1
259.355,181.28,0
312.996,336.536,2
444.23,159.898,1
200.164,221.118,0
203.669,117.821,0
455.821,118.46,1
294.738,361.037,2
391.191,386.456,2
238.134,397.614,2
195.002,147.717,0
118.248,213.773,0
395.762,123.142,1
289.278,380.223,2
208.257,232.742,0
166.255,213.12,0
302.07,348.813,2
366.207,222.211,1
447.729,245.383,1
219.323,205.461,0
353.963,298.81,2
484.235,137.453,1
278.314,320.7,2
467.169,165.5,1
280.876,365.968,2
212.125,157.577,0
474.707,168.744,1
240.406,190.28,0
149.795,203.161,0
260.812,340.211,2
422.123,200.853,1
502.528,185.909,1
214.527,197.604,0
496.234,119.223,1
364.105,191.84,1
149.054,206.156,0
439.912,256.825,1
407.926,191.896,1
237.794,336.035,2
175.383,148.629,0
431.124,130.865,1
242.451,133.414,0
269.097,344.166,2
470.785,243.16,1
490.667,194.529,1
130.337,205.453,0
165.16,139.603,0
443.439,140.317,1
253.902,405.121,2
437.288,206.229,1
407.125,226.047,1
341.884,402.939,2
446.891,224.209,1
380.736,252.06,1
165.907,337.364,2
169.746,126.233,0
219.005,190.205,0
398.621,238.801,1
180.929,216.243,0
214.069,102.475,0
349.748,306.211,2
444.283,100.006,1
199.105,141.175,0
149.07,105.151,0
454.655,161.782,1
425.235,137.281,1
182.837,241.32,0
410.144,163.593,1
161,131.637,0
202.51,117.264,0
487.136,187.721,1
158.313,198.578,0
177.681,124.959,0
417.689,134.47,1
431.823,233.123,1
442.711,146.975,1
190.798,306.109,2
317.177,379.806,2
231.547,363.111,2
278.826,389.985,2
207.768,237.123,0
242.354,363.105,2
426.881,118.23,1
275.698,355.099,2
286.346,382.257,2
224.527,201.671,0
234.174,308.365,2
453.227,219.028,1
340.853,375.12,2
433.476,196.284,1
353.325,334.39,2
332.125,354.318,2
466.358,146.027,1
205.19,124.619,0
386.434,175.691,1
384.553,190.783,1
231.048,370.945,2
210.82,168.642,0
458.909,135.984,1
483.357,217.566,1
358.187,404.358,2
436.905,149.311,1
287.473,411.268,2
134.993,77.855,0
275.234,317.668,2
288.093,349.142,2
446.455,148.991,1
206.64,403.929,2
449.385,113.628,1
421.533,268.343,1
452.172,126.88,1
117.409,127.555,0
153.448,166.099,0
262.434,376.503,2
336.121,353.521,2
213.494,196.352,0
165.076,196.485,0
459.106,184.452,1
221.772,161.843,0
307.143,347.314,2
420.962,222.424,1
267.977,382.881,2
178.958,209.011,0
413.424,113.622,1
188.689,181.485,0
204.916,228.584,0
496.148,145.67,1
167.047,231.298,0
448.284,171.523,1
480.976,141.85,1
145.365,192.267,0
154.304,94.2953,0
173.514,174.343,0
262.874,344.395,2
223.971,197.671,0
323.879,368.61,2
176.253,157.843,0
480.738,202.199,1
505.781,174.552,1
436.019,184.571,1
285.573,366.128,2
438.493,149.873,1
353.307,370.169,2
219.704,147.355,0
278.814,314.662,2
417.706,125.93,1
414.298,154.528,1
295.739,303.555,2
443.407,135.476,1
170.736,149.235,0
303.458,371.475,2
453.228,144.007,1
154.479,147.352,0
461.441,128.782,1
443.52,115.329,1
179.715,108.295,0
427.989,156.5,1
193.274,95.7305,0
437.011,209.006,1
449.863,145.238,1
446.442,114.817,1
488.093,233.516,1
436.088,110.54,1
281.349,365.299,2
316.867,398.078,2
300.155,351.217,2
390.642,213.557,1
425.29,135.361,1
457.9,187.812,1
232.49,412.476,2
303.184,379.011,2
199.547,132.024,0
476.912,135.314,1
431.167,178.617,1
193.658,143.447,0
399.436,201.412,1
176.857,107.467,0
178.377,200.634,0
448.809,189.983,1
298.861,370.407,2
225.458,208.336,0
411.896,228.032,1
331.189,382.389,2
444.513,208.452,1
240.424,439.249,2
285.606,366.037,2
351.451,363.589,2
186.271,219.099,0
226.874,176.084,0
446.219,170.948,1
207.038,191.345,0
198.371,191.744,0
431.284,210.353,1
484.218,195.824,1
226.756,124.072,0
441.584,162.367,1
374.058,118.527,1
474.195,93.0662,1
317.339,296.883,2
221.354,157.597,0
387.431,375.172,2
451.97,143.439,1
227.183,110.911,0
178.09,224.135,0
167.667,183.256,0
486.888,168.599,1
419.626,131.37,1
153.925,201.618,0
158.955,184.211,0
260.23,181.823,0
285.802,308.267,2
265.209,331.996,2
474.208,171.774,1
217.988,227.518,0
325.866,346.06,2
478.641,118.954,1
292.95,373.078,2
144.94,188.392,0
265.821,366.547,2
379.956,224.735,1
118.173,169.325,0
204.413,173.969,0
425.345,158.172,1
341.002,396.862,2
441.295,214.92,1
429.606,154.757,1
392.689,173.198,1
471.363,143.242,1
199.817,199.823,0
404.975,222.896,1
367.437,373.945,2
451.349,185.084,1
167.729,174.463,0
463.278,191.307,1
246.015,185.846,0
305.787,357.397,2
274.047,313.218,2
161.16,117.366,0
218.708,134.885,0
386.078,366.923,2
313.124,291.712,2
251.885,353.541,2
268.993,321.014,2
306.65,348.801,2
456.958,174.665,1
413.197,120.675,1
216.37,194.842,0
195.7,159.282,0
199.957,306.155,2
333.071,387.11,2
163.996,242.884,0
142.618,200.391,0
305.225,305.324,2
234.504,370.182,2
296.54,253.509,2
445.246,199.052,1
305.491,338.791,2
316.666,377.874,2
139.328,171.271,0
403.157,202.404,1
215.429,164.423,0
209.559,192.529,0
156.055,153.162,0
491.728,123.539,1
237.181,359.816,2
383.431,119.311,1
418.098,192.558,1
170.973,137.337,0
341.925,322.315,2
237.233,328.749,2
454.812,140.55,1
461.535,117.079,1
388.989,190.857,1
388.835,135.624,1
403.979,164.379,1
174.525,121.743,0
193.329,173.292,0
442.916,223.202,1
284.096,302.594,2
231.232,133.864,0
306.965,358.954,2
320.296,362.7,2
281.621,321.421,2
413.204,145.867,1
200.929,204.867,0
434.027,246.591,1
400.944,151.209,1
187.558,168.6,0
318.838,366.936,2
275.384,349.877,2
202.447,148.707,0
335.734,200.031,1
435.162,159.004,1
202.943,339.712,2
290.312,398.299,2
247.975,333.926,2
425.733,201.91,1
430.627,233.072,1
229.548,182.398,0
143.944,236.724,0
487.889,110.744,1
335.498,387.5,2
119.824,137.149,0
217.489,362.89,2
443.419,162.435,1
378.597,212.636,1
441.636,125.864,1
156.972,198.081,0
205.942,197.115,0
420.839,168.394,1
239.513,404.566,2
220.972,318.913,2
321.82,313.337,2
191.752,143.594,0
320.738,393.995,2
170.127,163.309,0
397.848,247.098,1
440.705,99.9286,1
160.534,173.305,0
315.865,356.302,2
465.741,142.295,1
506.258,106.772,1
213.349,157.822,0
196.645,161.948,0
312.747,342.205,2
476.839,221.721,1
481.672,158.903,1
475.237,149.167,1
323.217,304.616,2
189.971,166.852,0
262.199,381.614,2
192.82,118.052,0
289.86,332.93,2
133.153,137.665,0
343.3,341.454,2
365.364,334.158,2
260.972,310.499,2
290.313,392.826,2
344.505,370.347,2
333.651,412.901,2
464.546,147.862,1
449.727,220.4,1
146.571,220.799,0
358.655,315.798,2
244.544,311.957,2
457.538,124.86,1
143.064,98.6292,0
414.887,176.225,1
200.935,238.913,0
161.808,149.695,0
480.616,180.099,1
435.775,204.044,1
452.553,155.211,1
176.578,222.081,0
462.544,140.204,1
309.58,313.491,2
473.567,138.077,1
171.143,153.353,0
223.829,148.121,0
407.738,229.676,1
470.657,103.151,1
322.857,386.56,2
383.521,185.292,1
452.08,180.9,1
156.308,138.718,0
188.41,115.588,0
295.82,406.241,2
454.975,166.799,1
222.728,303.597,2
288.982,378.224,2
333.45,365.145,2
130.721,150.647,0
446.064,158.704,1
213.466,197.907,0
471.498,170.731,1
292.629,370.157,2
209.115,131.518,0
165.595,226.694,0
224.8,368.043,2
428.013,133.263,1
148.79,217.805,0
376.269,193.992,1
259.462,364.762,2
381.93,221.591,1
490.746,160.643,1
156.873,206.956,0
185.336,166.039,0
463.131,130.287,1
303.133,338.512,2
160.015,146.476,0
315.458,336.095,2
314.179,380.793,2
396.781,161.042,1
438.887,142.314,1
210.375,178.469,0
450.211,195.821,1
190.876,193.325,0
225.148,164.969,0
405.843,247.367,1
215.993,373.62,2
426.259,243.915,1
291.514,374.688,2
278.814,312,2
189.408,161.005,0
217.519,386.618,2
364.384,363.075,2
179.899,206.792,0
487.19,165.975,1
439.091,146.316,1
199.307,205.461,0
125.79,176.418,0
210.868,158.333,0
268.716,350.469,2
382.595,149.616,1
283.647,314.994,2
331.829,347.595,2
232.515,325.728,2
476.584,189.292,1
267.448,309.686,2
303.343,327.858,2
220.914,371.906,2
171.233,167.686,0
170.443,200.723,0
470.632,184.926,1
174.357,146.437,0
292.322,362.388,2
141.214,102.297,0
411.926,103.342,1
299.921,350.874,2
332.117,378.535,2
197.435,185.898,0
193.336,110.278,0
174.828,184.6,0
499.406,161.7,1
284.581,381.472,2
250.415,351.313,2
173.375,183.545,0
241.249,285.397,2
157.668,146.957,0
435.864,117.932,1
468.65,130.575,1
307.716,444.218,2
358.369,370.29,2
189.522,408.585,2
198.888,202.524,0
285.372,377.126,2
198.198,406.808,2
237.008,430.19,2
160.447,191.045,0
209.961,183.272,0
483.07,160.038,1
498.188,149.249,1
160.237,156.949,0
457.522,187.803,1
229.634,221.981,0
445.569,119.746,1
189.567,155.484,0
253.206,310.67,2
439.808,121.854,1
470.227,177.311,1
189.759,121.103,0
420.321,146.47,1
454.971,218.728,1
222.63,118.356,0
191.384,223.302,0
235.594,332.082,2
183.051,130.962,0
453.534,179.8,1
139.337,220.24,0
417.639,140.645,1
246.062,159.721,0
489.691,152.255,1
411.603,221.449,1
480.663,216.72,1
428.404,197.329,1
251.415,447.221,2
251.259,170.903,0
226.531,366.21,2
301.675,398.728,2
235.218,130.521,0
446.868,182.347,1
208.091,117.506,0
324.84,368.158,2
183.207,204.103,0
312.845,367.069,2
161.71,239.7,0
199.178,208.764,0
205.817,154.443,0
180.238,214.072,0
274.36,331.974,2
152.666,171.768,0
298.338,388.237,2
241.622,124.742,0
176.009,186.434,0
169.559,171.221,0
193.362,122.757,0
166.846,96.453,0
466.096,120.666,1
240.216,188.237,0
201.857,123.103,0
434.634,208.381,1
295.791,378.028,2
147.125,183.638,0
403.967,109.25,1
442.089,162.925,1
514.63,128.897,1
258.511,341.179,2
161.185,122.475,0
126.999,108.55,0
174.006,202.327,0
164.085,163.457,0
259.883,369.702,2
258.23,321.019,2
400.147,207.081,1
183.548,110.153,0
160.184,111.07,0
312.866,381.692,2
481.443,193.717,1
222.016,143.013,0
187.88,123.837,0
264.039,383.723,2
304.415,373.304,2
214.303,126.561,0
443.556,209.644,1
409.906,219.313,1
321.471,305.703,2
279.535,414.447,2
160.203,165.769,0
338.635,239.453,1
435.362,173.031,1
328.1,363.573,2
491.615,116.41,1
216.194,408.079,2
258.556,346.219,2
167.794,130.876,0
212.877,177.647,0
161.873,183.176,0
423.408,206.224,1
181.262,196.451,0
435.305,148.494,1
254.25,169.14,0
233.634,426.931,2
397.577,235.671,1
166.541,173.121,0
423.971,127.971,1
220.424,210.545,0
160.585,147.774,0
223.73,198.297,0
145.492,124.163,0
377.009,238.226,1
217.648,236.33,0
325.315,357.624,2
211.203,143.071,0
217.535,205.152,0
211.459,202.131,0
301.323,374.762,2
496.953,126.576,1
176.745,188.819,0
277.351,325.142,2
397.184,140.773,1
260.11,394.026,2
260.906,343.243,2
362.875,361.788,2
431.525,237.207,1
237.562,137.419,0
194.685,221.923,0
144.936,142.098,0
302.233,377.282,2
485.407,123.653,1
459.278,173.327,1
321.304,335.168,2
283.009,287.442,2
316.522,363.374,2
433.327,206.274,1
204.771,169.466,0
203.073,355.229,2
172.278,141.492,0
197.286,165.589,0
456.149,161.07,1
217.408,167.822,0
251.104,373.199,2
290.891,396.626,2
321.108,381.514,2
396.285,179.028,1
230.937,206.543,0
439.867,105.327,1
170.202,156.002,0
431.929,226.628,1
271.902,325.441,2
200.499,198.37,0
282.31,342.126,2
177.649,158.049,0
484.05,81.4594,1
495.53,136.161,1
429.312,117.144,1
235.751,360.908,2
199.417,225.16,0
313.669,372.717,2
233.059,372.161,2
471.552,141.471,1
105.201,114.3,0
313.008,371.879,2
178.191,193.538,0
394.154,183.478,1
428.434,82.1454,1
312.776,348.835,2
441.273,127.605,1
204.485,122.533,0
307.631,342.764,2
263.851,376.308,2
465.108,174.4,1
298.35,407.389,2
472.135,153.376,1
200.27,159.275,0
283.805,444.472,2
218.256,101.612,0
147.911,173.955,0
310.671,372.111,2
488.445,181.128,1
204.578,147.923,0
455.076,212.133,1
433.286,219.552,1
433.24,171.159,1
261.317,302.4,2
236.007,362.734,2
249.457,178.92,0
442.923,157.321,1
295.154,344.078,2
504.097,185.088,1
432.356,76.389,1
400.091,195.945,1
183.302,158.987,0
471.718,153.272,1
256.41,339.292,2
453.215,156.98,1
335.815,398.834,2
298.145,368.929,2
430.438,137.885,1
373.563,218.023,1
460.157,159.266,1
259.702,378.642,2
449.102,120.61,1
253.37,346.717,2
108.758,174.492,0
437.798,157.868,1
434.508,232.657,1
137.163,90.4376,0
447.907,238.59,1
213.923,176.906,0
491.919,100.664,1
203.267,355.474,2
319.067,419.876,2
441.134,196.487,1
361.399,345.816,2
340.202,398.79,2
201.133,200.598,0
434.319,209.523,1
438.405,158.02,1
196.623,197.336,0
293.153,331.481,2
426.986,208.569,1
452.946,241.711,1
203.085,194.039,0
463.361,185.011,1
212.016,345.446,2
398.938,179.189,1
264.56,382.455,2
445.905,157.084,1
425.328,185.633,1
495.079,174.458,1
464.187,152.699,1
187.147,173.284,0
416.328,174.076,1
417.223,214.257,1
208.221,205.688,0
401.95,219.643,1
195.463,198.606,0
143.613,106.989,0
436.165,106.522,1
168.157,186.582,0
195.617,148.22,0
300.654,394.55,2
263.812,388.04,2
273.526,326.036,2
316.313,389.866,2
191.947,104.147,0
444.976,115.011,1
178.775,126.768,0
413.603,215.259,1
270.597,285.131,2
371.547,113.317,1
190.496,171.049,0
441.69,132.517,1
326.385,375.315,2
286.625,330.796,2
442.953,117.276,1
155.484,186.641,0
204.999,403.162,2
379.671,197.694,1
482.27,154.002,1
452.807,141.669,1
225.406,397.349,2
486.9,135.253,1
380,122.797,1
435.209,114.062,1
305.944,324.533,2
457.604,129.379,1
243.093,337.525,2
151.287,149.068,0
320.276,382.041,2
122.943,159.764,0
150.734,189.199,0
305.768,343.672,2
211.414,127.739,0
413.055,226.911,1
327.25,382.316,2
436.579,209.02,1
250.272,199.755,0
307.646,324.065,2
440.984,161.189,1
398.711,152.177,1
426.797,154.129,1
225.933,362.818,2
443.608,137.906,1
179.329,154.687,0
156.167,127.125,0
425.641,178.086,1
294.401,361.505,2
223.929,325.494,2
481.073,118.757,1
495.815,199.748,1
234.654,394.464,2
133.321,172.721,0
467.245,189.069,1
408.998,186.765,1
242.736,344.026,2
252.663,355.768,2
433.082,177.504,1
461.674,199.72,1
235.869,382.536,2
443.341,81.8851,1
458.099,166.968,1
110.596,127.312,0
390.628,190.916,1
238.591,210.52,0
130.777,106.32,0
475.036,159.971,1
166.432,199.891,0
389.41,177.434,1
355.243,327.913,2
240.773,347.957,2
462.709,142.869,1
382.742,175.565,1
197.241,155.306,0
456.049,111.226,1
428.609,155.632,1
293.859,305.55,2
294.203,336.891,2
395.527,203.712,1
492.569,187.469,1
242.678,176.182,0
455.917,164.41,1
140.09,161.48,0
129.54,116.076,0
396.955,247.274,1
154.961,127.579,0
143.045,199.505,0
391.294,132.462,1
461.947,129.45,1
221.43,155.193,0
356.586,421.914,2
270.244,358.378,2
200.613,185.135,0
272.222,411.19,2
476.06,206.939,1
238.486,429.333,2
406.753,212.237,1
430.406,136.994,1
209.626,207.373,0
168.765,111.584,0
254.25,392.006,2
453.224,101.768,1
184.975,387.674,2
447.802,190.405,1
277.68,391.378,2
151.427,199.515,0
112.825,106.452,0
242.835,190.407,0
356.784,378.084,2
197.733,129.065,0
463.6,119.03,1
196.364,201.104,0
355.336,331.245,2
481.263,201.891,1
160.55,203.741,0
143.113,136.276,0
278.164,324.218,2
328.735,369.948,2
445.996,178.454,1
135.638,178.442,0
462.547,192.906,1
182.745,209.059,0
442.663,149.559,1
469.031,132.692,1
345.322,376.053,2
307.789,402.089,2
272.243,392.356,2
448.23,116.632,1
268.225,378.99,2
230.627,131.883,0
166.62,207.56,0
471.554,113.564,1
293.831,376.201,2
210.685,168.904,0
399.974,224.338,1
232.532,140.089,0
242.635,265.287,2
197.024,161.38,0
233.295,401.452,2
311.469,304.223,2
164.425,188.285,0
102.73,76.9614,0
474.859,173.659,1
468.689,123.322,1
144.967,185.821,0
149.224,171.763,0
495.211,140.042,1
193.71,155.293,0
275.805,306.005,2
478.634,167.799,1
422.631,128.685,1
431.312,155.214,1
200.686,161.397,0
169.282,168.225,0
117.511,161.259,0
344.168,364.235,2
287.913,397.019,2
318.41,355.12,2
449.413,119.703,1
244.996,405.114,2
230.573,371.725,2
360.816,374.951,2
462.669,150.928,1
195.588,183.39,0
470.983,130.029,1
448.992,93.5119,1
376.094,192.619,1
499.5,184.25,1
146.384,186.352,0
441.718,159.945,1
202.624,323.454,2
478.819,120.207,1
226.526,389.457,2
468.624,155.613,1
360.94,364.708,2
398.012,243.722,1
323.673,418.57,2
187.142,128.784,0
186.483,132.016,0
258.141,331.44,2
161.162,178.326,0
315.617,328.654,2
482.715,175.024,1
433.098,181.944,1
265.133,183.896,0
230.892,155.199,0
197.681,151.854,0
343.11,359.806,2
223.503,145.522,0
227.467,129.995,0
436.16,116.365,1
346.642,395.035,2
180.43,147.595,0
443.935,232.398,1
266.434,315.915,2
406.172,203.605,1
191.086,189.24,0
203.238,220.815,0
400.098,174.569,1
499.067,225.479,1
148.933,162.054,0
224.17,211.597,0
327.64,392.121,2
243.497,368.855,2
172.41,191.778,0
442.108,152.148,1
166.643,171.662,0
260.48,380.668,2
441.765,191.201,1
330.948,343.131,2
227.413,157.207,0
180.553,152.325,0
265.033,310.57,2
267.187,320.026,2
306.446,400.828,2
170.498,166.402,0
449.353,220.534,1
169.695,65.3855,0
443.638,192.593,1
212.156,136.195,0
205.504,226.903,0
188.231,162.528,0
165.516,370.93,2
355.048,344.598,2
432.708,128.029,1
385.552,178.181,1
217.633,199.815,0
158.566,196.534,0
186.517,203.766,0
187.718,352.593,2
149.545,177.849,0
287.232,399.066,2
266.108,382.864,2
422.174,181.064,1
477.047,198.756,1
434.544,132.325,1
254.529,379.517,2
452.794,150.84,1
267.436,423.713,2
418.438,189.096,1
349.303,393.868,2
331.803,390.906,2
446.484,131.71,1
155.932,185.203,0
384.592,222.394,1
206.375,167.771,0
457.769,127.447,1
166.487,170.967,0
324.988,365.78,2
200.088,146.157,0
315.99,367.518,2
223.256,161.4,0
155.763,151.908,0
510.831,154.729,1
203.274,354.371,2
450.941,137.645,1
205.655,146.436,0
175.433,209.69,0
186.085,127.354,0
331.391,372.888,2
399.623,138.734,1
485.705,175.691,1
262.338,346.859,2
172.972,119.48,0
461.939,135.569,1
418.402,155.286,1
201.052,350.016,2
473.867,132.124,1
166.9,177.73,0
416.596,132.155,1
344.747,329.656,2
354.051,331.264,2
216.9,89.9564,0
464.101,99.7374,1
203.53,150.922,0
465.582,149.97,1
433.682,132.388,1
403.611,217.69,1
402.248,191.043,1
196.569,205.18,0
189.627,326.354,2
395.38,123.894,1
458.142,116.594,1
294.193,320.781,2
187.371,187.718,0
247.755,393.47,2
156.742,128.774,0
187.483,212.844,0
494.956,141.349,1
116.476,195.349,0
460.871,203.796,1
266.337,339.934,2
476.441,134.589,1
218.121,185.38,0
453.258,153.276,1
208.439,145.137,0
182.137,174.379,0
203.777,139.232,0
291.649,398.599,2
453.202,128.421,1
250.849,396.374,2
165.092,180.472,0
463.504,209.596,1
428.469,174.662,1
252.083,142.676,0
372.323,321.401,2
322.384,411.982,2
454.585,129.71,1
320.088,326.061,2
403.875,115.335,1
458.946,202.701,1
297.398,311.21,2
325.324,301.732,2
321.699,367.226,2
184.806,119.801,0
137.997,152.518,0
151.215,147.891,0
170.575,156.044,0
418.585,93.0698,1
299.914,365.767,2
473.29,175.585,1
381.569,154.538,1
197.809,155.564,0
210.303,180.819,0
404.648,257.981,1
437.54,169.082,1
169.051,187.089,0
237.542,241.743,0
192.717,164.629,0
231.689,176.661,0
205.004,356.254,2
404.966,108.159,1
198.04,160.997,0
453.008,128.596,1
196.5,220.842,0
359.458,381.005,2
290.989,408.525,2
352.75,336.318,2
297.329,380.572,2
440.506,88.537,1
404.841,222.664,1
209.95,227.764,0
161.575,224.975,0
310.404,328.295,2
287.418,380.676,2
157.102,120.153,0
209.734,185.03,0
390.218,260.045,1
152.372,155.059,0
225.005,215.376,0
278.562,346.954,2
150.273,126.273,0
422.424,223.899,1
160.989,145.132,0
147.054,162.485,0
385.174,199.048,1
322.336,345.823,2
492.451,143.624,1
350.972,357.143,2
307.875,342.495,2
208.434,192.238,0
218.983,216.719,0
190.257,188.815,0
466.596,183.41,1
282.022,351.436,2
461.113,204.609,1
232.371,207.089,0
449.802,117.587,1
486.899,129.104,1
425.946,151.273,1
297.575,373.549,2
454.474,206.437,1
448.176,152.886,1
235.908,177.936,0
172.895,213.503,0
197.552,154.734,0
408.253,155.51,1
334.389,318.198,2
212.288,306.869,2
329.9,366.688,2
390.288,215.321,1
419.925,153.724,1
350.378,342.342,2
241.68,351.243,2
461.998,121.895,1
418.118,123.819,1
278.283,393.138,2
447.143,126.506,1
168.435,193.548,0
207.62,194.273,0
450.47,250.4,1
257.997,398.636,2
202.268,126.742,0
214.666,186.471,0
304.243,413.425,2
267.668,373.315,2
267.268,386.192,2
150.428,195.336,0
130.345,213.833,0
410.713,203.812,1
178.467,180.638,0
289.529,338.256,2
512.878,156.393,1
278.57,323.161,2
443.838,123.293,1
254.159,424.994,2
299.337,354.935,2
236.404,422.705,2
283.505,325.662,2
396.896,219.585,1
453.821,95.5681,1
464.962,181.479,1
446.236,211.824,1
435.469,141.772,1
162.509,333.165,2
309.657,410.928,2
224.089,224.797,0
304.653,346.034,2
472.574,178.343,1
272.658,392.346,2
157.082,139.609,0
154.712,230.545,0
201.752,229.671,0
156.399,208.294,0
430.14,146.489,1
415.502,170.746,1
180.459,176.302,0
344.377,398.181,2
479.888,162.964,1
291.392,403.183,2
416.656,228.285,1
257.607,184.052,0
211.779,150.181,0
228.922,136.208,0
494.277,92.0985,1
434.228,202.227,1
454.573,166.866,1
320.315,394.371,2
327.573,343.892,2
418.449,195.122,1
402.411,178.787,1
243.725,376.768,2
245.173,334.224,2
413.456,120.44,1
413.517,181.807,1
151.459,150.36,0
167.633,87.77,0
450.254,109.514,1
465.493,148.379,1
167.042,120.625,0
200.974,127.285,0
294.691,321.882,2
279.038,337.214,2
279.369,318.586,2
415.505,232.429,1
461.539,118.464,1
476.399,137.212,1
248.751,408.835,2
227.297,208.118,0
112.049,143.336,0
480.803,129.675,1
151.375,196.066,0
474.186,108.673,1
409.074,260.308,1
229.094,157.774,0
179.786,151.851,0
295.632,365.05,2
186.173,229.743,0
176.513,208.155,0
157.235,190.295,0
329.686,401.178,2
306.895,339.865,2
182.645,180.846,0
439.739,176.848,1
272.415,336.883,2
143.241,120.805,0
271.365,393.52,2
319.736,381.008,2
451.528,237.42,1
180.614,64.9192,0
156.419,208.067,0
123.956,144.042,0
399.42,228.956,1
232.487,365.365,2
268.184,379.886,2
307.807,399.406,2
362.075,329.782,2
226.511,177.732,0
384.301,132.81,1
189.65,198.539,0
492.52,185.473,1
448.698,175.527,1
148.111,129.922,0
452.999,243.767,1
422.251,228.468,1
457.078,164.261,1
155.769,227.301,0
488.731,81.7917,1
331.633,310.873,2
169.887,144.902,0
194.179,141.439,0
171.713,190.041,0
501.526,177.654,1
155.746,105.477,0
474.5,165.035,1
452.71,196.185,1
270.664,373.157,2
433.869,235.975,1
414.815,263.235,1
170.82,146.991,0
208.602,127.492,0
449.245,167.017,1
135.54,139.689,0
304.923,371.313,2
461.292,152.463,1
424.006,151.275,1
282.627,365.428,2
187.238,178.464,0
210.933,168.798,0
469.054,133.885,1
450.566,180.758,1
150.131,141.107,0
183.021,132.258,0
151.767,198.463,0
427.436,153.794,1
303.815,386.841,2
191.485,123.086,0
177.861,204.218,0
266.601,376.247,2
218.44,210.301,0
224.758,220.568,0
408.21,162.464,1
269.088,380.094,2
188.941,196.88,0
459.843,139.348,1
187.401,105.165,0
300.471,388.54,2
241.466,341.962,2
170.88,167.911,0
234.252,290.819,2
284.913,389.091,2
466.319,117.943,1
193.961,186.072,0
306.287,401.967,2
301.104,376.722,2
193.342,212.785,0
248.237,348.574,2
293.027,308.333,2
191.227,177.558,0
427.995,162.514,1
183.395,142.241,0
215.396,141.17,0
191.849,408.729,2
293.653,382.445,2
330.126,356.172,2
219.595,333.109,2
246.05,410.725,2
475.886,122.517,1
207.675,186.065,0
162.415,117.974,0
419.344,186.369,1
155.64,129.474,0
470.314,71.6314,1
387.958,205.841,1
448.124,112.563,1
239.371,166.599,0
421.011,227.291,1
127.244,203.803,0
447.741,136.013,1
190.315,153.506,0
170.385,209.599,0
436.237,185.979,1
342.042,397.529,2
290.326,371.624,2
455.341,196.424,1
327.382,388.854,2
168.704,103.12,0
156.437,87.5749,0
389.162,235.33,1
226.472,386.481,2
466.91,149.57,1
166.056,205.183,0
284.872,340.111,2
170.989,171.659,0
447.998,140.931,1
409.139,142.806,1
307.971,357.752,2
231.857,349.326,2
325.889,360.773,2
295.353,371.507,2
171.608,122.174,0
383.316,195.034,1
213.873,353.372,2
258.517,355.979,2
183.82,165.191,0
378.703,187.346,1
136.171,140.222,0
419.701,185.797,1
250.636,378.986,2
213.705,364.534,2
191.429,124.633,0
471.653,220.498,1
423.965,224.969,1
270.431,318.513,2
264.528,307.208,2
424.214,149.447,1
247.468,143.732,0
212.371,169.804,0
434.569,190.682,1
167.043,179.441,0
442.901,146.305,1
446.49,150.749,1
301.055,366.363,2
277.217,400.599,2
429.564,131.465,1
236.284,154.692,0
202.169,196.44,0
183.011,131.638,0
137.591,170.278,0
123.024,181.379,0
465.952,155.598,1
132.161,156.208,0
211.217,346.586,2
206.073,182.39,0
208.327,374.369,2
216.213,114.581,0
497.733,163.926,1
365.783,332.641,2
433.404,168.298,1
403.584,159.783,1
255.37,302.609,2
193.744,195.826,0
286.177,397.686,2
289.655,324.601,2
437.514,107.259,1
389.751,189.878,1
305.06,372.57,2
160.871,198.766,0
516.615,145.974,1
446.864,223.218,1
306.668,387.988,2
482.959,159.159,1
214.882,231.277,0
200.791,403.71,2
433.005,218.276,1
453.956,196.08,1
465.054,181.6,1
297.445,320.756,2
425.445,132.191,1
435.377,138.425,1
141.569,166.922,0
373.029,166.581,1
435.705,215.59,1
486.251,137.753,1
388.63,186.374,1
310.136,386.615,2
373.693,244.788,1
392.964,241.535,1
434.822,146.11,1
461.203,229.188,1
348.492,347.666,2
278.791,365.267,2
154.721,164.794,0
319.921,333.642,2
271.148,388.73,2
399.147,149.265,1
281.298,331.182,2
232.566,363.233,2
177.268,125.68,0
241.061,220.996,0
427.308,212.193,1
170.272,149.398,0
164.198,363.766,2
327.599,357.56,2
416.871,248.157,1
195.05,196.926,0
200.735,150.848,0
160.047,181.442,0
470.745,184.423,1
470.778,143.642,1
468.139,152.019,1
450.924,152.953,1
276.951,325.292,2
193.043,132.709,0
145.432,140.254,0
483.579,141.283,1
256.93,355.707,2
260.457,389.512,2
258.773,437.411,2
171.147,189.605,0
375.084,205.971,1
281.385,310.308,2
431.762,128.713,1
352.656,210.479,1
472.473,157.313,1
303.732,397.738,2
234.739,401.154,2
274.31,382.743,2
263.216,380.036,2
194.699,114.874,0
216.338,186.204,0
191.006,143.436,0
362.219,382.428,2
448.586,177.109,1
254.483,392.432,2
161.557,180.184,0
259.783,143.385,0
251.75,357.169,2
114.775,147.906,0
149.035,114.763,0
384.505,170.968,1
395.556,131.912,1
314.499,316.621,2
284.949,348.095,2
335.918,334.976,2
452.294,127.214,1
432.956,144.456,1
213.92,354.363,2
187.516,111.891,0
447.33,154.614,1
282.253,398.903,2
169.103,180.087,0
161.877,206.428,0
358.086,312.079,2
186.898,150.034,0
326.602,399.527,2
260.226,394.207,2
318.593,321.869,2
428.558,185.06,1
470.622,116.288,1
212.358,322.579,2
460.393,104.533,1
348.92,357.682,2
208.355,411.372,2
461.175,146.348,1
465.149,167.871,1
414.999,232.72,1
289.059,297.732,2
173.526,150.455,0
468.888,228.526,1
293.667,361.279,2
173.946,146.174,0
262.946,337.278,2
253.397,352.782,2
465.716,171.914,1
435.043,189.995,1
342.9,155.114,1
288.153,385.124,2
176.267,207.113,0
172.621,179.267,0
425.384,201.633,1
251.756,357.785,2
253.78,342.345,2
314.646,369.386,2
224.221,388.224,2
150.415,181.502,0
153.82,146.166,0
446.254,185.249,1
262.252,370.289,2
182.135,120.446,0
325.976,358.569,2
360.967,338.125,2
469.957,179.914,1
407.179,186.408,1
452.518,206.111,1
344.854,363.075,2
192.35,161.666,0
377.505,116.001,1
445.232,215.108,1
218.121,190.015,0
195.039,355.934,2
341.111,362.921,2
222.983,120.808,0
288.276,363.953,2
177.019,187.751,0
453.246,183.991,1
299.73,337.077,2
467.871,148.771,1
455.491,139.946,1
192.972,168.801,0
405.711,193.697,1
190.328,153.661,0
425.279,189.657,1
204.922,163.608,0
128.66,211.632,0
200.304,170.792,0
437.127,214.1,1
188.716,174.794,0
436.22,212.345,1
315.959,366.157,2
131.57,114.849,0
412.459,181.197,1
448.84,127.91,1
299.281,393.321,2
393.011,116.77,1
288.594,337.626,2
265.632,348.784,2
281.233,436.66,2
167.657,73.6708,0
488.863,112.158,1
202.1,135.614,0
265.702,361.078,2
300.517,283.245,2
199.861,157.381,0
396.687,191.372,1
264.849,382.334,2
276.307,354.297,2
198.809,169.705,0
312.215,401.479,2
436.256,191.166,1
433.389,149.776,1
182.254,116.652,0
237.109,305.866,2
343.067,363.576,2
418.328,230.22,1
477.654,139.048,1
136.401,204.053,0
178.102,161.043,0
177.936,185.44,0
293.573,394.659,2
214.807,370.172,2
437.072,175.923,1
215.991,360.693,2
264.434,373.251,2
254.423,378.261,2
115.929,177.815,0
435.136,212.96,1
198.153,188.417,0
416.919,137.206,1
227.749,173.351,0
246.06,253.879,0
231.641,131.518,0
296.951,376.648,2
141.468,144.536,0
183.176,139.053,0
139.033,128.521,0
435.564,192.15,1
292.586,406.059,2
301.355,341.578,2
483.382,166.996,1
262.932,173.475,0
439.868,149.046,1
450.824,181.927,1
432.448,119.612,1
441.084,237.546,1
449.724,160.695,1
194.139,148.119,0
471.674,190.551,1
329.977,318.837,2
457.934,218.051,1
192.429,176.182,0
254.702,201.078,0
144.475,218.085,0
179.826,120.293,0
118.366,120.94,0
110.192,107.52,0
303.236,371.147,2
151.669,234.003,0
175.703,212.129,0
179.878,215.225,0
254.412,332.335,2
190.054,153.924,0
241.378,368.643,2
306.41,358.598,2
287.012,340.081,2
451.691,155.592,1
343.541,371.226,2
478.909,188.024,1
180.078,197.425,0
210.402,356.211,2
314.554,324.941,2
361.273,410.15,2
411.422,252.358,1
200.807,141.793,0
454.787,203.542,1
176.802,206.68,0
247.032,214.627,0
143.371,221.512,0
420.017,127.02,1
358.217,238.481,1
195.002,177.177,0
291.562,319.136,2
123.752,107.277,0
252.313,380.571,2
214.975,202.672,0
440.741,109.142,1
476.404,169.283,1
455.691,194.972,1
173.706,96.4389,0
420.205,221.472,1
289.652,309.021,2
370.279,199.69,1
389.162,117.329,1
139.274,111.733,0
268.335,298.108,2
461.278,114.099,1
494.471,172.373,1
294.78,383.057,2
452.224,113.401,1
313.193,367.767,2
444.354,117.199,1
310.232,343.839,2
183.049,193.499,0
294.467,360.077,2
215.922,403.096,2
226.248,345.565,2
152.684,114.66,0
299.57,395.967,2
420.034,114.685,1
440.798,194.798,1
221.631,398.598,2
454.827,165.82,1
418.49,172.089,1
188.265,220.023,0
195.741,189.973,0
140.764,162.2,0
164.31,151.949,0
197.901,124.005,0
194.199,207.095,0
235.085,385.147,2
429.62,202.135,1
221.671,132.403,0
211.502,360.522,2
417.971,237.057,1
160.943,91.0399,0
230.181,335.322,2
223.531,393.336,2
410.524,129.716,1
206.019,380.082,2
461.23,230.534,1
194.051,148.456,0
487.019,182.69,1
337.428,368.807,2
157.224,137.45,0
475.212,145.137,1
185.801,99.1305,0
237.117,329.542,2
456.667,215.415,1
173.075,130.802,0
209.641,126.912,0
231.416,182.598,0
186.562,158.32,0
452.029,203.724,1
133.85,125.884,0
412.816,242.082,1
327.152,412.05,2
310.879,389.328,2
220.399,138.496,0
216.678,134.997,0
267.658,344.79,2
467.549,140.854,1
118.549,113.426,0
312.499,372.398,2
202.567,129.192,0
295.96,324.667,2
299.803,398.981,2
212.66,142.997,0
418.671,171.599,1
459.975,150.283,1
479.473,223.804,1
225.985,388.23,2
160.874,206.174,0
123.173,127.077,0
443.349,145.322,1
165.562,123.343,0
296.197,397.212,2
257.225,158.506,0
501.463,163.79,1
207.42,155.243,0
275.187,391.202,2
430.248,118.522,1
362.98,344.606,2
180.334,134.667,0
205.217,228.923,0
454.5,119.662,1
238.907,225.604,0
284.99,363.346,2
474.041,130.135,1
330.03,336.794,2
260.01,264.537,2
368.535,225.735,1
458.596,127.907,1
252.263,362.155,2
480.391,186.974,1
185.335,193.346,0
471.987,189.348,1
460.159,167.614,1
290.006,358.733,2
315.815,313.544,2
335.441,377.058,2
164.416,196.963,0
478.801,165.906,1
249.195,355.519,2
329.794,407.117,2
178.64,96.0058,0
163.991,149.978,0
330.917,402.017,2
427.13,169.375,1
336.459,392.749,2
423.981,241.974,1
131.509,172.014,0
326.277,347.447,2
214.201,166.298,0
460.203,212.421,1
193.09,174.196,0
416.641,211.117,1
275.045,361.247,2
453.653,209.291,1
473.102,114.293,1
222.133,358.909,2
318.273,262.735,2
374.114,408.332,2
236.921,290.734,2
235.446,184.01,0
227.626,399.277,2
341.228,332.049,2
429.475,192.536,1
220.355,180.472,0
257.868,340.276,2
194.098,375.009,2
261.297,338.436,2
476.473,163.168,1
156.434,141.703,0
163.758,148.374,0
146.376,136.419,0
458.272,181.515,1
472.181,122.417,1
297.75,380.863,2
245.465,352.237,2
133.543,171.604,0
457.82,101.577,1
475.473,120.383,1
140.762,193.942,0
231.976,359.851,2
308.201,345.679,2
306.385,382.933,2
170.56,115.941,0
211.048,332.295,2
480.967,145.593,1
185.866,184.864,0
309.585,371.021,2
443.267,162.199,1
259.315,399.555,2
464.453,144.344,1
444.644,168.117,1
254.96,394.267,2
190.329,181.623,0
245.708,300.934,2
129.122,108.702,0
403.465,165.058,1
163.344,177.692,0
459.677,111.473,1
180.331,175.634,0
439.252,207.327,1
216.995,160.609,0
478.317,134.521,1
357.518,186.479,1
257.963,380.783,2
203.381,134.84,0
464.734,145.12,1
325.437,403.15,2
293.989,444.736,2
444.044,179.72,1
251.956,158.538,0
249.664,191.083,0
468.07,109.098,1
303.607,397.174,2
274.939,406.647,2
330.566,402.087,2
169.598,105.694,0
150.731,143.244,0
233.411,224.498,0
210.168,197.552,0
119.386,68.7842,0
451.675,208.632,1
294.802,287.092,2
194.871,167.178,0
206.899,138.127,0
436.715,125.079,1
225.578,162.548,0
314.993,332.044,2
238.59,210.579,0
200.454,329.609,2
317.778,312.876,2
475.113,133.355,1
433.373,153.537,1
359.94,380.033,2
350.069,393.206,2
436.38,138.774,1
289.52,371.512,2
211.81,156.381,0
226.75,346.943,2
403.688,226.091,1
439.184,204.948,1
191.635,159.516,0
176.279,90.1432,0
178.553,202.873,0
265.803,393.709,2
253.06,299.841,2
390.669,198.319,1
169.281,221.098,0
458.721,159.601,1
275.378,349.492,2
448.773,179.34,1
206.605,400.958,2
437.467,121.368,1
156.408,143.542,0
167.684,175.836,0
317.885,335.065,2
390.841,120.208,1
244.829,148.993,0
248.5,159.551,0
190.958,156.933,0
426.965,138.426,1
421.736,154.562,1
411.302,244.026,1
241.231,178.419,0
154.073,140.016,0
306.021,343.729,2
469.278,176.368,1
241.681,398.482,2
281.382,357.436,2
326.734,348.029,2
188.023,153.295,0
175.478,217.017,0
281.172,357.397,2
142.523,186.396,0
496.012,186.28,1
296.426,406.266,2
479.674,141.423,1
196.904,207.628,0
467.205,183.126,1
457.588,142.609,1
142.245,207.067,0
363.615,191.586,1
274.577,363.701,2
186.704,191.68,0
424.031,164.155,1
208.104,79.973,0
444.251,254.567,1
196.371,194.057,0
143.706,200.957,0
209.498,396.04,2
174.513,195.9,0
418.426,181.219,1
427.492,121.359,1
118.206,152.623,0
209.327,384.3,2
414.519,237.311,1
192.728,222.643,0
453.805,110.516,1
319.257,319.769,2
441.825,227.671,1
298.925,434.227,2
286.68,390.051,2
146.003,144.074,0
209.446,167.883,0
236.019,150.084,0
446.785,149.537,1
329.054,312.006,2
210.702,218.976,0
423.922,128.844,1
451.756,155.311,1
453.074,178.9,1
191.053,126.7,0
341.501,347.929,2
198.958,318.457,2
225.281,404.087,2
222.465,212.961,0
298.556,357.152,2
361.816,364.398,2
189.355,363.79,2
205.606,150.298,0
247.863,330.913,2
301.009,355.715,2
415.306,238.539,1
278.691,386.122,2
187.12,170.59,0
434.653,242.2,1
456.176,211.13,1
240.901,127.274,0
430.015,177.849,1
133.323,141.651,0
165.055,99.3698,0
426.302,129.681,1
443.821,249.325,1
438.474,199.404,1
245.975,329.519,2
192.212,147.837,0
278.38,355.068,2
470.752,218.016,1
125.544,137.476,0
439.933,113.274,1
136.932,159.838,0
287.821,358.632,2
448.376,129.733,1
262.913,441.371,2
310.687,394.946,2
369.276,382.886,2
235.907,341.163,2
311.725,353.094,2
227.63,122.28,0
338.141,351.232,2
290.887,323.943,2
204.56,201.272,0
462.216,171.406,1
329.439,363.507,2
463.555,147.867,1
203.988,191.378,0
327.572,404.519,2
339.256,433.392,2
